SKU,Hero Image,URL,Product Type,MSRP,Title,Decription,Collection,Metal Type1,Metal Type2,Metal Type 3,GemType1,GemType2,GemType3,GemType4
PBC5110_O1000_00000,https://media.pomellato.com/media/catalog/product/P/B/PBC5110_O1000_00000_10.jpg,https://www.pomellato.com/us_en/iconica-bracelet-pbc5110-o1000-00000?size=5,Bracelet,8750,Iconica Bracelet,,Iconica,18k Yellow Gold,,,,,,
POC5111_O1000_00000,https://media.pomellato.com/media/catalog/product/P/O/POC5111_O1000_00000_10_1.jpg,https://www.pomellato.com/us_en/iconica-earrings-poc5111-o1000-00000?size=193,Earrings,5050,Iconica Earrings,,Iconica,18k Yellow Gold,,,,,,
POC5060_O7WHR_DB000,https://media.pomellato.com/media/catalog/product/P/O/POC5060_O7WHR_DB000_10.jpg,https://www.pomellato.com/us_en/iconica-earrings-poc5060-o7whr-db000?size=152,Earrings,9250,Iconica Earrings,,Iconica,18k Rose Gold,,,Diamond,,,
POC5061_O7WHR_DB000,https://media.pomellato.com/media/catalog/product/P/O/POC5061_O7WHR_DB000_10.jpg,https://www.pomellato.com/us_en/iconica-earrings-poc5061-o7whr-db000?size=152,Earrings,18050,Iconica Earrings,,Iconica,18k Rose Gold,,,Diamond,,,
PCC5001_O7WHR_DB000,https://media.pomellato.com/media/catalog/product/P/C/PCC5001_O7WHR_DB000_10.jpg,https://www.pomellato.com/us_en/iconica-necklace-pcc5001-o7whr-db000?size=162,Necklace,10600,Iconica Necklace,,Iconica,18k Rose Gold,,,Diamond,,,
PCC5110_O1000_00000,https://media.pomellato.com/media/catalog/product/P/C/PCC5110_O1000_00000_10.jpg,https://www.pomellato.com/us_en/iconica-necklace-pcc5110-o1000-00000?size=41,Necklace,17500,Iconica Necklace,,Iconica,18k Yellow Gold,,,,,,
PCC5020_O6WHR_DB0TL,https://media.pomellato.com/media/catalog/product/P/C/PCC5020_O6WHR_DB0TL_10.jpg,https://www.pomellato.com/us_en/nudo-mini-necklace-with-pendant-pcc5020-o6whr-db0tl?size=154,Necklace,2900,Nudo Mini Necklace With Pendant,,Nudo,18k Rose Gold,,,Blue London Topaz,Diamond,,
PAC4020_O6WHR_DB0TL,https://media.pomellato.com/media/catalog/product/P/A/PAC4020_O6WHR_DB0TL_10.jpg,https://www.pomellato.com/us_en/nudo-ring-pac4020-o6whr-db0tl?size=19,Ring,8650,Nudo Ring,,Nudo,18k Rose Gold,,,Blue London Topaz,Diamond,,
POC4020_O6WHR_DB0TL,https://media.pomellato.com/media/catalog/product/P/O/POC4020_O6WHR_DB0TL_10.jpg,https://www.pomellato.com/us_en/nudo-earrings-poc4020-o6whr-db0tl?size=152,Earrings,14500,Nudo Earrings,,Nudo,18k Rose Gold,,,Blue London Topaz,Diamond,,
POC4020_O6WHR_DB0TB,https://media.pomellato.com/media/catalog/product/P/O/POC4020_O6WHR_DB0TB_10.jpg,https://www.pomellato.com/us_en/nudo-earrings-poc4020-o6whr-db0tb?size=152,Earrings,13000,Nudo Earrings,,Nudo,18k Rose Gold,,,White Topaz,Diamond,,
PAC4020_O6WHR_DB0TB,https://media.pomellato.com/media/catalog/product/P/A/PAC4020_O6WHR_DB0TB_10.jpg,https://www.pomellato.com/us_en/nudo-ring-pac4020-o6whr-db0tb?size=18,Ring,7600,Nudo Ring,,Nudo,18k Rose Gold,,,White Topaz,Diamond,,
PAC4020_O6WHR_DB0PA,https://media.pomellato.com/media/catalog/product/P/A/PAC4020_O6WHR_DB0PA_10.jpg,https://www.pomellato.com/us_en/nudo-ring-pac4020-o6whr-db0pa?size=18,Ring,7800,Nudo Ring,,Nudo,18k Rose Gold,,,Diamond,Prasiolite,,
PAC4020_O6WHR_DB0YY,https://media.pomellato.com/media/catalog/product/P/A/PAC4020_O6WHR_DB0YY_10.jpg,https://www.pomellato.com/us_en/nudo-ring-pac4020-o6whr-db0yy?size=19,Ring,7800,Nudo Ring,,Nudo,18k Rose Gold,,,Diamond,Blue Topaz,,
POC4020_O6WHR_DB0YY,https://media.pomellato.com/media/catalog/product/P/O/POC4020_O6WHR_DB0YY_10.jpg,https://www.pomellato.com/us_en/nudo-earrings-poc4020-o6whr-db0yy?size=152,Earrings,13900,Nudo Earrings,,Nudo,18k Rose Gold,,,Diamond,Blue Topaz,,
POC4020_O6WHR_DB0PA,https://media.pomellato.com/media/catalog/product/P/O/POC4020_O6WHR_DB0PA_10.jpg,https://www.pomellato.com/us_en/nudo-earrings-poc4020-o6whr-db0pa?size=152,Earrings,13900,Nudo Earrings,,Nudo,18k Rose Gold,,,Diamond,Prasiolite,,
PAC4021_O6WHR_DB000,https://media.pomellato.com/media/catalog/product/P/A/PAC4021_O6WHR_DB000_10.jpg,https://www.pomellato.com/us_en/nudo-ring-pac4021-o6whr-db000?size=19,Ring,13100,Nudo Ring,,Nudo,18k Rose Gold,,,Diamond,,,
POC4021_O6WHR_DB000,https://media.pomellato.com/media/catalog/product/P/O/POC4021_O6WHR_DB000_10.jpg,https://www.pomellato.com/us_en/nudo-earrings-poc4021-o6whr-db000?size=152,Earrings,20950,Nudo Earrings,,Nudo,18k Rose Gold,,,Diamond,,,
PBC5013_O7WHR_DB000,https://media.pomellato.com/media/catalog/product/P/B/PBC5013_O7WHR_DB000_10.jpg,https://www.pomellato.com/us_en/pomellato-together-bracelet-pbc5013-o7whr-db000?size=5,Bracelet,3400,Pomellato Together Bracelet,,Pomellato Together,18k Rose Gold,,,Diamond,,,
PAC5014_O7000_DB000,https://media.pomellato.com/media/catalog/product/P/A/PAC5014_O7000_DB000_10.jpg,https://www.pomellato.com/us_en/pomellato-together-ring-pac5014-o7000-db000?size=18,Ring,2550,Pomellato Together Ring,,Pomellato Together,18k Rose Gold,,,Diamond,,,
PAC4015_O7WHR_DB000,https://media.pomellato.com/media/catalog/product/P/A/PAC4015_O7WHR_DB000_10.jpg,https://www.pomellato.com/us_en/pomellato-together-ring-pac4015-o7whr-db000?size=18,Ring,3750,Pomellato Together Ring,,Pomellato Together,18k Rose Gold,,,Diamond,,,
PCC5014_O7WHR_DB000,https://media.pomellato.com/media/catalog/product/P/C/PCC5014_O7WHR_DB000_10.jpg,https://www.pomellato.com/us_en/pomellato-together-choker-necklace-pcc5014-o7whr-db000?size=154,Necklace,16150,Pomellato Together Choker Necklace,,Pomellato Together,18k Rose Gold,,,Diamond,,,
PCC5013_O7WHR_DB000,https://media.pomellato.com/media/catalog/product/P/C/PCC5013_O7WHR_DB000_10.jpg,https://www.pomellato.com/us_en/pomellato-together-necklace-with-pendant-pcc5013-o7whr-db000?size=154,Necklace,3800,Pomellato Together Necklace With Pendant,,Pomellato Together,18k Rose Gold,,,Diamond,,,
PHC5013_O7WHR_DB000,https://media.pomellato.com/media/catalog/product/P/H/PHC5013_O7WHR_DB000_10.jpg,https://www.pomellato.com/us_en/pomellato-together-ear-cuff-phc5013-o7whr-db000?size=152,Ear Cuff,5450,Pomellato Together Ear Cuff,,Pomellato Together,18k Rose Gold,,,Diamond,,,
PBC5010_O7WHR_DB000,https://media.pomellato.com/media/catalog/product/P/B/PBC5010_O7WHR_DB000_10.jpg,https://www.pomellato.com/us_en/pomellato-together-bracelet-pbc5010-o7whr-db000?size=4,Bracelet,8650,Pomellato Together Bracelet,,Pomellato Together,18k Rose Gold,,,Diamond,,,
PAC4002_O7000_00000,https://media.pomellato.com/media/catalog/product/P/A/PAC4002_O7000_00000_10.jpg,https://www.pomellato.com/us_en/iconica-medium-large-ring-pac4002-o7000-00000?size=18,Ring,3450,Iconica Medium-Large Ring,,Iconica,18k Rose Gold,,,,,,
PAC4001_O7000_00000,https://media.pomellato.com/media/catalog/product/P/A/PAC4001_O7000_00000_10.jpg,https://www.pomellato.com/us_en/iconica-slim-ring-pac4001-o7000-00000?size=19,Ring,2500,Iconica Slim Ring,,Iconica,18k Rose Gold,,,,,,
PAC4000_O7000_00000,https://media.pomellato.com/media/catalog/product/P/A/PAC4000_O7000_00000_10.jpg,https://www.pomellato.com/us_en/iconica-extra-slim-ring-pac4000-o7000-00000?size=18,Ring,2000,Iconica Extra Slim Ring,,Iconica,18k Rose Gold,,,,,,
PAC4006_O7000_DB000,https://media.pomellato.com/media/catalog/product/P/A/PAC4006_O7000_DB000_10.jpg,https://www.pomellato.com/us_en/iconica-slim-ring-pac4006-o7000-db000?size=19,Ring,3200,Iconica Slim Ring,,Iconica,18k Rose Gold,,,Diamond,,,
PAC4007_O7000_DB000,https://media.pomellato.com/media/catalog/product/P/A/PAC4007_O7000_DB000_10.jpg,https://www.pomellato.com/us_en/iconica-medium-large-ring-pac4007-o7000-db000?size=18,Ring,4400,Iconica Medium-Large Ring,,Iconica,18k Rose Gold,,,Diamond,,,
PAC4005_O7000_DB000,https://media.pomellato.com/media/catalog/product/P/A/PAC4005_O7000_DB000_10.jpg,https://www.pomellato.com/us_en/iconica-extra-slim-ring-pac4005-o7000-db000?size=19,Ring,2800,Iconica Extra Slim Ring,,Iconica,18k Rose Gold,,,Diamond,,,
PAC4008_O7WHR_DB000,https://media.pomellato.com/media/catalog/product/P/A/PAC4008_O7WHR_DB000_10.jpg,https://www.pomellato.com/us_en/iconica-slim-ring-pac4008-o7whr-db000?size=18,Ring,10100,Iconica Slim Ring,,Iconica,18k Rose Gold,,,Diamond,,,
PCC4040_O7WHR_DB000,https://media.pomellato.com/media/catalog/product/P/C/PCC4040_O7WHR_DB000_10.jpg,https://www.pomellato.com/us_en/iconica-necklace-with-pendant-pcc4040-o7whr-db000?size=156,Necklace,5300,Iconica Necklace with pendant,,Iconica,18k Rose Gold,,,Diamond,,,
PCC4041_O7WHR_DB000,https://media.pomellato.com/media/catalog/product/P/C/PCC4041_O7WHR_DB000_10.jpg,https://www.pomellato.com/us_en/iconica-necklace-with-pendant-pcc4041-o7whr-db000?size=156,Necklace,6050,Iconica Necklace with pendant,,Iconica,18k Rose Gold,,,Diamond,,,
PCC4110_O7000_00000,https://media.pomellato.com/media/catalog/product/P/C/PCC4110_O7000_00000_10.jpg,https://www.pomellato.com/us_en/iconica-necklace-pcc4110-o7000-00000?size=168,Necklace,30250,Iconica Necklace,,Iconica,18k Rose Gold,,,,,,
PBC4110_O7000_00000,https://media.pomellato.com/media/catalog/product/P/B/PBC4110_O7000_00000_10.jpg,https://www.pomellato.com/us_en/iconica-bracelet-pbc4110-o7000-00000?size=6,Bracelet,13600,Iconica Bracelet,,Iconica,18k Rose Gold,,,,,,
PAC4015_O2WHR_DB000,https://media.pomellato.com/media/catalog/product/P/A/PAC4015_O2WHR_DB000_10.jpg,https://www.pomellato.com/us_en/pomellato-together-ring-pac4015-o2whr-db000?size=18,Ring,3850,Pomellato Together Ring,,Pomellato Together,18k White Gold,,,Diamond,,,
PCC4013_O7WHR_DB000,https://media.pomellato.com/media/catalog/product/P/C/PCC4013_O7WHR_DB000_10.jpg,https://www.pomellato.com/us_en/necklace-with-pendant-pomellato-together-pcc4013-o7whr-db000?size=22,Necklace,5700,Necklace with pendant Pomellato Together,,Pomellato Together,18k Rose Gold,,,Diamond,,,
PAC4012_O7WHR_DB000,https://media.pomellato.com/media/catalog/product/P/A/PAC4012_O7WHR_DB000_10.jpg,https://www.pomellato.com/us_en/pomellato-together-ring-pac4012-o7whr-db000?size=19,Ring,3250,Pomellato Together Ring,,Pomellato Together,18k Rose Gold,,,Diamond,,,
POC4012_O7WHR_DB000,https://media.pomellato.com/media/catalog/product/P/O/POC4012_O7WHR_DB000_10.jpg,https://www.pomellato.com/us_en/pomellato-together-earrings-poc4012-o7whr-db000?size=152,Earrings,3750,Pomellato Together Earrings,,Pomellato Together,18k Rose Gold,,,Diamond,,,
PHC4016_O7WHR_DB000,https://media.pomellato.com/media/catalog/product/P/H/PHC4016_O7WHR_DB000_10.jpg,https://www.pomellato.com/us_en/pomellato-together-ear-cuff-phc4016-o7whr-db000?size=152,Ear Cuff,2300,Pomellato Together Ear Cuff,,Pomellato Together,18k Rose Gold,,,Diamond,,,
PCC4012_O7WHR_DB000,https://media.pomellato.com/media/catalog/product/P/C/PCC4012_O7WHR_DB000_10.jpg,https://www.pomellato.com/us_en/pomellato-together-necklace-with-pendant-pcc4012-o7whr-db000?size=22,Necklace,4800,Pomellato Together Necklace with pendant,,Pomellato Together,18k Rose Gold,,,Diamond,,,
POC4010_O7000_00000,https://media.pomellato.com/media/catalog/product/P/O/POC4010_O7000_00000_10.jpg,https://www.pomellato.com/us_en/pomellato-together-earrings-poc4010-o7000-00000?size=152,Earrings,3150,Pomellato Together Earrings,,Pomellato Together,18k Rose Gold,,,,,,
PBC4010_O7000_00000,https://media.pomellato.com/media/catalog/product/P/B/PBC4010_O7000_00000_10.jpg,https://www.pomellato.com/us_en/pomellato-together-bangle-pbc4010-o7000-00000?size=5,Bangle,7950,Pomellato Together Bangle,,Pomellato Together,18k Rose Gold,,,,,,
PBC3053_O7BWR_DBX00,https://media.pomellato.com/media/catalog/product/P/B/PBC3053_O7BWR_DBX00_10.jpg,https://www.pomellato.com/us_en/sabbia-bracelet-pbc3053-o7bwr-dbx00?size=6,Bracelet,17750,Sabbia Bracelet,,Sabbia,18k Rose Gold,,,Brown Diamond,Diamond,Treated Black Diamond,
PAC4010_O7000_00000,https://media.pomellato.com/media/catalog/product/P/A/PAC4010_O7000_00000_10.jpg,https://www.pomellato.com/us_en/pomellato-together-ring-pac4010-o7000-00000?size=19,Ring,2550,Pomellato Together Ring,,Pomellato Together,18k Rose Gold,,,,,,
PAC5013_O7000_DB000,https://media.pomellato.com/media/catalog/product/P/A/PAC5013_O7000_DB000_10.jpg,https://www.pomellato.com/us_en/pomellato-together-ring-pac5013-o7000-db000?size=18,Ring,2250,Pomellato Together Ring,,Pomellato Together,18k Rose Gold,,,Diamond,,,
POB2041_O7000_DB000,https://media.pomellato.com/media/catalog/product/P/O/POB2041_O7000_DB000_10.jpg,https://www.pomellato.com/us_en/sabbia-earrings-pob2041-o7000-db000?size=152,Earrings,7600,Sabbia Earrings,,Sabbia,18k Rose Gold,,,Diamond,,,
POB7120_O7000_00000,https://media.pomellato.com/media/catalog/product/P/O/POB7120_O7000_00000_10.jpg,https://www.pomellato.com/us_en/iconica-earrings-pob7120-o7000-00000?size=152,Earrings,4600,Iconica Earrings,,Iconica,18k Rose Gold,,,,,,
PAC3020_O7000_000TL,https://media.pomellato.com/media/catalog/product/P/A/PAC3020_O7000_000TL_10.jpg,https://www.pomellato.com/us_en/iconica-ring-pac3020-o7000-000tl?size=18,Ring,3950,Iconica Ring,,Iconica,18k Rose Gold,,,Blue London Topaz,,,
PAC3020_O7000_000GP,https://media.pomellato.com/media/catalog/product/P/A/PAC3020_O7000_000GP_10.jpg,https://www.pomellato.com/us_en/iconica-ring-pac3020-o7000-000gp?size=18,Ring,3850,Iconica Ring,,Iconica,18k Rose Gold,,,Garnet,,,
PAC3020_O7000_000EY,https://media.pomellato.com/media/catalog/product/P/A/PAC3020_O7000_000EY_10.jpg,https://www.pomellato.com/us_en/iconica-ring-pac3020-o7000-000ey?size=19,Ring,4050,Iconica Ring,,Iconica,18k Rose Gold,,,Peridot,,,
POC3020_O7000_000TL,https://media.pomellato.com/media/catalog/product/P/O/POC3020_O7000_000TL_10.jpg,https://www.pomellato.com/us_en/iconica-earrings-poc3020-o7000-000tl?size=152,Earrings,8050,Iconica Earrings,,Iconica,18k Rose Gold,,,Blue London Topaz,,,
POC3020_O7000_000GP,https://media.pomellato.com/media/catalog/product/P/O/POC3020_O7000_000GP_10.jpg,https://www.pomellato.com/us_en/iconica-earrings-poc3020-o7000-000gp?size=152,Earrings,7850,Iconica Earrings,,Iconica,18k Rose Gold,,,Garnet,,,
POC3020_O7000_000EY,https://media.pomellato.com/media/catalog/product/P/O/POC3020_O7000_000EY_10.jpg,https://www.pomellato.com/us_en/iconica-earrings-poc3020-o7000-000ey?size=152,Earrings,8250,Iconica Earrings,,Iconica,18k Rose Gold,,,Peridot,,,
PCC3020_O7000_000TL,https://media.pomellato.com/media/catalog/product/P/C/PCC3020_O7000_000TL_10.jpg,https://www.pomellato.com/us_en/iconica-necklace-pcc3020-o7000-000tl?size=162,Necklace,8550,Iconica Necklace,,Iconica,18k Rose Gold,,,Blue London Topaz,,,
PCC3020_O7000_000GP,https://media.pomellato.com/media/catalog/product/P/C/PCC3020_O7000_000GP_10.jpg,https://www.pomellato.com/us_en/iconica-necklace-pcc3020-o7000-000gp?size=162,Necklace,8450,Iconica Necklace,,Iconica,18k Rose Gold,,,Garnet,,,
PCC3020_O7000_000EY,https://media.pomellato.com/media/catalog/product/P/C/PCC3020_O7000_000EY_10.jpg,https://www.pomellato.com/us_en/iconica-necklace-pcc3020-o7000-000ey?size=162,Necklace,8650,Iconica Necklace,,Iconica,18k Rose Gold,,,Peridot,,,
PAC3050_O7WHR_DB0BR,https://media.pomellato.com/media/catalog/product/P/A/PAC3050_O7WHR_DB0BR_10.jpg,https://www.pomellato.com/us_en/sabbia-ring-pac3050-o7whr-db0br?size=18,Ring,2800,Sabbia Ring,,Sabbia,18k Rose Gold,,,Brown Diamond,Diamond,,
PAC3051_O6BWR_DB0BR,https://media.pomellato.com/media/catalog/product/P/A/PAC3051_O6BWR_DB0BR_10.jpg,https://www.pomellato.com/us_en/sabbia-ring-pac3051-o6bwr-db0br?size=18,Ring,4050,Sabbia Ring,,Sabbia,18k Rose Gold,,,Brown Diamond,Diamond,,
PAB4070_O7000_DB000,https://media.pomellato.com/media/catalog/product/P/A/PAB4070_O7000_DB000_10.jpg,https://www.pomellato.com/us_en/sabbia-ring-pab4070-o7000-db000?size=18,Ring,2450,Sabbia Ring,,Sabbia,18k Rose Gold,,,Diamond,,,
PHC3052_O7WHR_DBRB0,https://media.pomellato.com/media/catalog/product/P/H/PHC3052_O7WHR_DBRB0_10.jpg,https://www.pomellato.com/us_en/sabbia-earring-phc3052-o7whr-dbrb0?size=152,Earring,2800,Sabbia Earring,,Sabbia,18k Rose Gold,,,Brown Diamond,Diamond,,
PHC3052_O6BWR_DB0BR,https://media.pomellato.com/media/catalog/product/P/H/PHC3052_O6BWR_DB0BR_10.jpg,https://www.pomellato.com/us_en/sabbia-earring-phc3052-o6bwr-db0br?size=152,Earring,3750,Sabbia Earring,,Sabbia,18k Rose Gold,,,Brown Diamond,Diamond,,
POB2042_O7000_DB000,https://media.pomellato.com/media/catalog/product/P/O/POB2042_O7000_DB000_10.jpg,https://www.pomellato.com/us_en/sabbia-earrings-pob2042-o7000-db000?size=152,Earrings,4800,Sabbia Earrings,,Sabbia,18k Rose Gold,,,Diamond,,,
PAC3010_O7000_00000,https://media.pomellato.com/media/catalog/product/P/A/PAC3010_O7000_00000_10.jpg,https://www.pomellato.com/us_en/catene-ring-pac3010-o7000-00000?size=19,Ring,7000,Catene Ring,,Catene,18k Rose Gold,,,,,,
PAC3011_O7000_DB000,https://media.pomellato.com/media/catalog/product/P/A/PAC3011_O7000_DB000_10.jpg,https://www.pomellato.com/us_en/catene-ring-pac3011-o7000-db000?size=19,Ring,15250,Catene Ring,,Catene,18k Rose Gold,,,Diamond,,,
PAC3011_O2WHR_DB000,https://media.pomellato.com/media/catalog/product/P/A/PAC3011_O2WHR_DB000_10.jpg,https://www.pomellato.com/us_en/catene-ring-pac3011-o2whr-db000?size=21,Ring,16700,Catene Ring,,Catene,18k White Gold,,,Diamond,,,
POC1010_O7000_00000,https://media.pomellato.com/media/catalog/product/P/O/POC1010_O7000_00000_10.jpg,https://www.pomellato.com/us_en/catene-earrings-poc1010-o7000-00000?size=152,Earrings,7600,Catene Earrings,,Catene,18k Rose Gold,,,,,,
PAB9040_O6BKR_TZMPA,https://media.pomellato.com/media/catalog/product/P/A/PAB9040_O6BKR_TZMPA_10.jpg,https://www.pomellato.com/us_en/nudo-classic-ring-pab9040-o6bkr-tzmpa?size=18,Ring,4050,Nudo Classic Ring,,Nudo,18k Rose Gold,18k White Gold,,Malachite,Tsavorite,Prasiolite,
PAC3000_O6BKR_TZMPA,https://media.pomellato.com/media/catalog/product/P/A/PAC3000_O6BKR_TZMPA_10.jpg,https://www.pomellato.com/us_en/nudo-petit-ring-pac3000-o6bkr-tzmpa?size=18,Ring,3250,Nudo Petit Ring,,Nudo,18k Rose Gold,18k White Gold,,Malachite,Tsavorite,Prasiolite,
POC3000_O6BKR_TZMPA,https://media.pomellato.com/media/catalog/product/P/O/POC3000_O6BKR_TZMPA_10.jpg,https://www.pomellato.com/us_en/nudo-classic-earrings-poc3000-o6bkr-tzmpa?size=152,Earrings,5100,Nudo Classic Earrings,,Nudo,18k Rose Gold,18k White Gold,,Malachite,Tsavorite,Prasiolite,
PAB9040_O6BKR_OI0GL,https://media.pomellato.com/media/catalog/product/P/A/PAB9040_O6BKR_OI0GL_10.jpg,https://www.pomellato.com/us_en/nudo-classic-ring-pab9040-o6bkr-oi0gl?size=18,Ring,4050,Nudo Classic Ring,,Nudo,18k Rose Gold,18k White Gold,,Amethyst,,,
PAC3000_O6BKR_OI0GL,https://media.pomellato.com/media/catalog/product/P/A/PAC3000_O6BKR_OI0GL_10.jpg,https://www.pomellato.com/us_en/nudo-petit-ring-pac3000-o6bkr-oi0gl?size=18,Ring,3250,Nudo Petit Ring,,Nudo,18k Rose Gold,18k White Gold,,Amethyst,,,
POC3000_O6BKR_OI0GL,https://media.pomellato.com/media/catalog/product/P/O/POC3000_O6BKR_OI0GL_10.jpg,https://www.pomellato.com/us_en/nudo-classic-earrings-poc3000-o6bkr-oi0gl?size=152,Earrings,5100,Nudo Classic Earrings,,Nudo,18k Rose Gold,18k White Gold,,Amethyst,,,
PAB9040_O6BKR_ZALTL,https://media.pomellato.com/media/catalog/product/P/A/PAB9040_O6BKR_ZALTL_10.jpg,https://www.pomellato.com/us_en/nudo-classic-ring-pab9040-o6bkr-zaltl?size=18,Ring,5650,Nudo Classic Ring,,Nudo,18k Rose Gold,18k White Gold,,Blue London Topaz,Lapis Lazuli,Blue Sapphire,
PAC3000_O6BKR_ZALTL,https://media.pomellato.com/media/catalog/product/P/A/PAC3000_O6BKR_ZALTL_10.jpg,https://www.pomellato.com/us_en/nudo-petit-ring-pac3000-o6bkr-zaltl?size=18,Ring,4300,Nudo Petit Ring,,Nudo,18k Rose Gold,18k White Gold,,Blue London Topaz,Lapis Lazuli,Blue Sapphire,
POC3000_O6BKR_ZALTL,https://media.pomellato.com/media/catalog/product/P/O/POC3000_O6BKR_ZALTL_10.jpg,https://www.pomellato.com/us_en/nudo-classic-earrings-poc3000-o6bkr-zaltl?size=152,Earrings,6900,Nudo Classic Earrings,,Nudo,18k Rose Gold,18k White Gold,,Blue London Topaz,Lapis Lazuli,Blue Sapphire,
POB4010_O6WHR_DB0TB,https://media.pomellato.com/media/catalog/product/P/O/POB4010_O6WHR_DB0TB_10.jpg,https://www.pomellato.com/us_en/nudo-classic-earrings-pob4010-o6whr-db0tb?size=152,Earrings,6000,Nudo Classic Earrings,,Nudo,18k Rose Gold,,,Diamond,White Topaz,,
PBC1006_O7WHR_DB0PA,https://media.pomellato.com/media/catalog/product/P/B/PBC1006_O7WHR_DB0PA_10.jpg,https://www.pomellato.com/us_en/nudo-bracelet-pbc1006-o7whr-db0pa?size=5,Bracelet,10650,Nudo Bracelet,,Nudo,18k Rose Gold,,,Diamond,Prasiolite,,
PCC2022_O6WHR_DB0PA,https://media.pomellato.com/media/catalog/product/P/C/PCC2022_O6WHR_DB0PA_10.jpg,https://www.pomellato.com/us_en/nudo-classic-necklace-with-pendant-pcc2022-o6whr-db0pa?size=154,Necklace,3850,Nudo Classic Necklace with Pendant,,Nudo,18k Rose Gold,,,Diamond,Prasiolite,,
PAC0100_O7WHR_DB000,https://media.pomellato.com/media/catalog/product/P/A/PAC0100_O7WHR_DB000_10.jpg,https://www.pomellato.com/us_en/pomellato-together-ring-pac0100-o7whr-db000?size=18,Ring,4500,Pomellato Together Ring,,Pomellato Together,18k Rose Gold,,,Diamond,,,
PBC3070_O7WHR_DB000,https://media.pomellato.com/media/catalog/product/P/B/PBC3070_O7WHR_DB000_10.jpg,https://www.pomellato.com/us_en/pomellato-together-bangle-pbc3070-o7whr-db000?size=5,Bangle,12450,Pomellato Together Bangle,,Pomellato Together,18k Rose Gold,,,Diamond,,,
POB8111_O7000_DB000,https://media.pomellato.com/media/catalog/product/P/O/POB8111_O7000_DB000_10.jpg,https://www.pomellato.com/us_en/pomellato-together-earrings-pob8111-o7000-db000?size=152,Earrings,4700,Pomellato Together Earrings,,Pomellato Together,18k Rose Gold,,,Diamond,,,
PAC0100_O7BKR_DBR00,https://media.pomellato.com/media/catalog/product/P/A/PAC0100_O7BKR_DBR00_10.jpg,https://www.pomellato.com/us_en/pomellato-together-ring-pac0100-o7bkr-dbr00?size=18,Ring,3750,Pomellato Together Ring,,Pomellato Together,18k Rose Gold,,,Brown Diamond,,,
PAC0100_O2WHR_DB000,https://media.pomellato.com/media/catalog/product/P/A/PAC0100_O2WHR_DB000_10.jpg,https://www.pomellato.com/us_en/pomellato-together-ring-pac0100-o2whr-db000?size=19,Ring,4700,Pomellato Together Ring,,Pomellato Together,18k White Gold,,,Diamond,,,
PAB2040_O7000_DBR00,https://media.pomellato.com/media/catalog/product/P/A/PAB2040_O7000_DBR00_10.jpg,https://www.pomellato.com/us_en/sabbia-ring-pab2040-o7000-dbr00?size=18,Ring,3450,Sabbia Ring,,Sabbia,18k Rose Gold,,,Brown Diamond,,,
POB8111_O2WHR_DB000,https://media.pomellato.com/media/catalog/product/P/O/POB8111_O2WHR_DB000_10.jpg,https://www.pomellato.com/us_en/pomellato-together-earrings-pob8111-o2whr-db000?size=152,Earrings,4800,Pomellato Together Earrings,,Pomellato Together,18k White Gold,,,Diamond,,,
PAC2026_O6WHR_DB000,https://media.pomellato.com/media/catalog/product/P/A/PAC2026_O6WHR_DB000_10.jpg,https://www.pomellato.com/us_en/nudo-assoluto-ring-pac2026-o6whr-db000?size=18,Ring,18200,Nudo Assoluto Ring,,Nudo,18k White Gold,18k Rose Gold,,Diamond,,,
PAC2028_O6WHR_DB000,https://media.pomellato.com/media/catalog/product/P/A/PAC2028_O6WHR_DB000_10.jpg,https://www.pomellato.com/us_en/nudo-classic-ring-pac2028-o6whr-db000?size=19,Ring,9850,Nudo Classic Ring,,Nudo,18k White Gold,18k Rose Gold,,Diamond,,,
PAC2100_FBWHR_GV105,https://media.pomellato.com/media/catalog/product/P/A/PAC2100_FBWHR_GV105_10.jpg,https://www.pomellato.com/us_en/nudo-petit-ring-pac2100-fbwhr-gv105?size=18,Ring,12400,Nudo Petit Ring,,Nudo,18k White Gold,,,Diamond,,,
PBC2027_O2WHR_DB0TB,https://media.pomellato.com/media/catalog/product/P/B/PBC2027_O2WHR_DB0TB_10.jpg,https://www.pomellato.com/us_en/nudo-bracelet-pbc2027-o2whr-db0tb?size=5,Bracelet,13300,Nudo Bracelet,,Nudo,18k White Gold,,,Diamond,White Topaz,,
PBC2027_O7000_DBRTB,https://media.pomellato.com/media/catalog/product/P/B/PBC2027_O7000_DBRTB_10.jpg,https://www.pomellato.com/us_en/nudo-bracelet-pbc2027-o7000-dbrtb?size=5,Bracelet,10500,Nudo Bracelet,,Nudo,18k Rose Gold,,,Brown Diamond,White Topaz,,
PAC2028_O6000_DBR00,https://media.pomellato.com/media/catalog/product/P/A/PAC2028_O6000_DBR00_10.jpg,https://www.pomellato.com/us_en/nudo-classic-ring-pac2028-o6000-dbr00?size=19,Ring,8000,Nudo Classic Ring,,Nudo,18k White Gold,18k Rose Gold,,Brown Diamond,,,
PAC2501_O6000_DBR00,https://media.pomellato.com/media/catalog/product/P/A/PAC2501_O6000_DBR00_10.jpg,https://www.pomellato.com/us_en/nudo-petit-ring-pac2501-o6000-dbr00?size=19,Ring,3600,Nudo Petit Ring,,Nudo,18k White Gold,18k Rose Gold,,Brown Diamond,,,
PAB7040_O6WHR_DB0TB,https://media.pomellato.com/media/catalog/product/P/A/PAB7040_O6WHR_DB0TB_10.jpg,https://www.pomellato.com/us_en/nudo-petit-ring-pab7040-o6whr-db0tb?size=18,Ring,4250,Nudo Petit Ring,,Nudo,18k Rose Gold,18k White Gold,,White Topaz,Diamond,,
PCC2022_O6WHR_BTBMP,https://media.pomellato.com/media/catalog/product/P/C/PCC2022_O6WHR_BTBMP_10.jpg,https://www.pomellato.com/us_en/nudo-classic-necklace-with-pendant-pcc2022-o6whr-btbmp?size=154,Necklace,3550,Nudo Classic Necklace with Pendant,,Nudo,18k White Gold,18k Rose Gold,,White Topaz,Mother-Of-Pearl,Diamond,
POC2025_O7WHR_BTBMP,https://media.pomellato.com/media/catalog/product/P/O/POC2025_O7WHR_BTBMP_10.jpg,https://www.pomellato.com/us_en/nudo-earrings-poc2025-o7whr-btbmp?size=152,Earrings,8650,Nudo Earrings,,Nudo,18k Rose Gold,,,White Topaz,Mother-Of-Pearl,Diamond,
PAA1100_O6000_000TB,https://media.pomellato.com/media/catalog/product/P/A/PAA1100_O6000_000TB_10.jpg,https://www.pomellato.com/us_en/nudo-classic-ring-paa1100-o6000-000tb?size=18,Ring,2600,Nudo Classic Ring,,Nudo,18k Rose Gold,18k White Gold,,White Topaz,,,
PA91060_O7000_DB000,https://media.pomellato.com/media/catalog/product/P/A/PA91060_O7000_DB000_10.jpg,https://www.pomellato.com/us_en/iconica-medium-ring-pa91060-o7000-db000?size=19,Ring,6050,Iconica Medium Ring,,Iconica,18k Rose Gold,,,Diamond,,,
POC2063_O7WHR_DB000,https://media.pomellato.com/media/catalog/product/P/O/POC2063_O7WHR_DB000_10.jpg,https://www.pomellato.com/us_en/iconica-earrings-poc2063-o7whr-db000?size=152,Earrings,27600,Iconica Earrings,,Iconica,18k Rose Gold,,,Diamond,,,
PAB7120_O7000_DB000,https://media.pomellato.com/media/catalog/product/P/A/PAB7120_O7000_DB000_10.jpg,https://www.pomellato.com/us_en/iconica-ring-pab7120-o7000-db000?size=18,Ring,6650,Iconica Ring,,Iconica,18k Rose Gold,,,Diamond,,,
PAB6070_O7000_DBX00,https://media.pomellato.com/media/catalog/product/P/A/PAB6070_O7000_DBX00_10.jpg,https://www.pomellato.com/us_en/sabbia-ring-pab6070-o7000-dbx00?size=18,Ring,10100,Sabbia Ring,,Sabbia,18k Rose Gold,,,Diamond,Brown Diamond,,
PMB6070_O7000_DBX00,https://media.pomellato.com/media/catalog/product/P/M/PMB6070_O7000_DBX00_10.jpg,https://www.pomellato.com/us_en/sabbia-pendant-pmb6070-o7000-dbx00?size=152,Pendant,14400,Sabbia Pendant,,Sabbia,18k Rose Gold,,,Diamond,Brown Diamond,,
PA91067_O7000_00000,https://media.pomellato.com/media/catalog/product/P/A/PA91067_O7000_00000_10.jpg,https://www.pomellato.com/us_en/iconica-large-ring-pa91067-o7000-00000?size=18,Ring,4150,Iconica Large Ring,,Iconica,18k Rose Gold,,,,,,
PBB7126_O7000_00000,https://media.pomellato.com/media/catalog/product/P/B/PBB7126_O7000_00000_10.jpg,https://www.pomellato.com/us_en/iconica-medium-bracelet-pbb7126-o7000-00000?size=6,Bracelet,14150,Iconica Medium Bracelet,,Iconica,18k Rose Gold,,,,,,
POC2062_O7000_00000,https://media.pomellato.com/media/catalog/product/P/O/POC2062_O7000_00000_10.jpg,https://www.pomellato.com/us_en/iconica-earrings-poc2062-o7000-00000?size=152,Earrings,8550,Iconica Earrings,,Iconica,18k Rose Gold,,,,,,
PA9106E_O7000_DB000,https://media.pomellato.com/media/catalog/product/P/A/PA9106E_O7000_DB000_10.jpg,https://www.pomellato.com/us_en/iconica-slim-ring-pa9106e-o7000-db000?size=19,Ring,5000,Iconica Slim Ring,,Iconica,18k Rose Gold,,,Diamond,,,
POC2061_O7000_DB000,https://media.pomellato.com/media/catalog/product/P/O/POC2061_O7000_DB000_10.jpg,https://www.pomellato.com/us_en/iconica-earrings-poc2061-o7000-db000?size=152,Earrings,7300,Iconica Earrings,,Iconica,18k Rose Gold,,,Diamond,,,
PBB7128_O7WHR_DB000,https://media.pomellato.com/media/catalog/product/P/B/PBB7128_O7WHR_DB000_10.jpg,https://www.pomellato.com/us_en/iconica-medium-bracelet-pbb7128-o7whr-db000?size=6,Bracelet,21400,Iconica Medium Bracelet,,Iconica,18k Rose Gold,,,Diamond,,,
PBB7129_O7WHR_DB000,https://media.pomellato.com/media/catalog/product/P/B/PBB7129_O7WHR_DB000_10.jpg,https://www.pomellato.com/us_en/iconica-slim-bracelet-pbb7129-o7whr-db000?size=5,Bracelet,17000,Iconica Slim Bracelet,,Iconica,18k Rose Gold,,,Diamond,,,
PA9106D_O7000_DB000,https://media.pomellato.com/media/catalog/product/P/A/PA9106D_O7000_DB000_10.jpg,https://www.pomellato.com/us_en/iconica-large-ring-pa9106d-o7000-db000?size=18,Ring,7300,Iconica Large Ring,,Iconica,18k Rose Gold,,,Diamond,,,
PCB9010_O7000_000VA,https://media.pomellato.com/media/catalog/product/P/C/PCB9010_O7000_000VA_10.jpg,https://www.pomellato.com/us_en/iconica-necklace-with-pendant-pcb9010-o7000-000va?size=156,Necklace,2800,Iconica Necklace With Pendant,,Iconica,18k Rose Gold,,,Treated Orange Sapphire,Blue Sapphire,Pink Sapphire,Tsavorite
POC1002_O7000_000VA,https://media.pomellato.com/media/catalog/product/P/O/POC1002_O7000_000VA_10.jpg,https://www.pomellato.com/us_en/iconica-earrings-poc1002-o7000-000va?size=152,Earrings,7450,Iconica Earrings,,Iconica,18k Rose Gold,,,Red Tourmaline,Blue Sapphire,Spinel,Tanzanita
PAC2062_O7000_000VA,https://media.pomellato.com/media/catalog/product/P/A/PAC2062_O7000_000VA_10.jpg,https://www.pomellato.com/us_en/iconica-slim-ring-pac2062-o7000-000va?size=18,Ring,5100,Iconica Slim Ring,,Iconica,18k Rose Gold,,,Treated Orange Sapphire,Peridot,Blue Sapphire,Spinel
POB2010_O6000_000QR,https://media.pomellato.com/media/catalog/product/P/O/POB2010_O6000_000QR_10.jpg,https://www.pomellato.com/us_en/nudo-petit-earrings-pob2010-o6000-000qr?size=152,Earrings,3800,Nudo Petit Earrings,,Nudo,18k Rose Gold,18k White Gold,,Rose Quartz,,,
PAB4030_O6000_000QR,https://media.pomellato.com/media/catalog/product/P/A/PAB4030_O6000_000QR_10.jpg,https://www.pomellato.com/us_en/nudo-petit-ring-pab4030-o6000-000qr?size=18,Ring,2000,Nudo Petit Ring,,Nudo,18k Rose Gold,18k White Gold,,Rose Quartz,,,
PCC2022_O7000_BRCQR,https://media.pomellato.com/media/catalog/product/P/C/PCC2022_O7000_BRCQR_10.jpg,https://www.pomellato.com/us_en/nudo-classic-necklace-with-pendant-pcc2022-o7000-brcqr?size=154,Necklace,3350,Nudo Classic Necklace with Pendant,,Nudo,18k White Gold,18k Rose Gold,,Rose Quartz,Chalcedony,Diamond,
PAA1100_O6000_SOVCY,https://media.pomellato.com/media/catalog/product/P/A/PAA1100_O6000_SOVCY_10.jpg,https://www.pomellato.com/us_en/ring-nudo-gele-classic-paa1100-o6000-sovcy?size=19,Ring,3200,Ring Nudo Gele Classic,,Nudo,18k Rose Gold,,,Citrine,,,
PCC2022_O6WHR_DB0TL,https://media.pomellato.com/media/catalog/product/P/C/PCC2022_O6WHR_DB0TL_10.jpg,https://www.pomellato.com/us_en/nudo-classic-necklace-with-pendant-pcc2022-o6whr-db0tl?size=154,Necklace,4300,Nudo Classic Necklace with Pendant,,Nudo,18k White Gold,18k Rose Gold,,Diamond,Blue London Topaz,,
POC2025_O7WHR_DB0TL,https://media.pomellato.com/media/catalog/product/P/O/POC2025_O7WHR_DB0TL_10.jpg,https://www.pomellato.com/us_en/nudo-earrings-poc2025-o7whr-db0tl?size=152,Earrings,11400,Nudo Earrings,,Nudo,18k Rose Gold,,,Diamond,Blue London Topaz,,
PAC0040_O6WHR_B0TTU,https://media.pomellato.com/media/catalog/product/P/A/PAC0040_O6WHR_B0TTU_10.jpg,https://www.pomellato.com/us_en/nudo-classic-ring-pac0040-o6whr-b0ttu?size=19,Ring,6350,Nudo Classic Ring,,Nudo,18k White Gold,18k Rose Gold,,Blue London Topaz,Turquoise,Diamond,
PCC2022_O6WHR_DB0OY,https://media.pomellato.com/media/catalog/product/P/C/PCC2022_O6WHR_DB0OY_10.jpg,https://www.pomellato.com/us_en/nudo-classic-necklace-with-pendant-pcc2022-o6whr-db0oy?size=27,Necklace,4350,Nudo Classic Necklace with Pendant,,Nudo,18k White Gold,18k Rose Gold,,Diamond,Blue Topaz,,
PAB7040_O6WHR_DB0OY,https://media.pomellato.com/media/catalog/product/P/A/PAB7040_O6WHR_DB0OY_10.jpg,https://www.pomellato.com/us_en/nudo-petit-ring-pab7040-o6whr-db0oy?size=19,Ring,4400,Nudo Petit Ring,,Nudo,18k White Gold,18k Rose Gold,,Blue Topaz,Agate,Diamond,
PBC1006_O7WHR_BTBMP,https://media.pomellato.com/media/catalog/product/P/B/PBC1006_O7WHR_BTBMP_10.jpg,https://www.pomellato.com/us_en/nudo-bracelet-pbc1006-o7whr-btbmp?size=5,Bracelet,10300,Nudo Bracelet,,Nudo,18k Rose Gold,,,White Topaz,Mother-Of-Pearl,Diamond,
PCB9051_O6000_DB0VA,https://media.pomellato.com/media/catalog/product/P/C/PCB9051_O6000_DB0VA_10.jpg,https://www.pomellato.com/us_en/nudo-necklace-pcb9051-o6000-db0va?size=20,Necklace,9500,Nudo Necklace,,Nudo,18k White Gold,18k Rose Gold,,Diamond,Mother-Of-Pearl,White Topaz,
PBC1006_O7WHR_DB0OY,https://media.pomellato.com/media/catalog/product/P/B/PBC1006_O7WHR_DB0OY_10.jpg,https://www.pomellato.com/us_en/nudo-bracelet-pbc1006-o7whr-db0oy?size=6,Bracelet,10650,Nudo Bracelet,,Nudo,18k Rose Gold,,,Blue Topaz,Diamond,,
PAC0040_O6WHR_DB0TB,https://media.pomellato.com/media/catalog/product/P/A/PAC0040_O6WHR_DB0TB_10.jpg,https://www.pomellato.com/us_en/nudo-classic-ring-pac0040-o6whr-db0tb?size=18,Ring,5550,Nudo Classic Ring,,Nudo,18k Rose Gold,18k White Gold,,White Topaz,Diamond,,
PBC1006_O7000_BRQRC,https://media.pomellato.com/media/catalog/product/P/B/PBC1006_O7000_BRQRC_10.jpg,https://www.pomellato.com/us_en/nudo-bracelet-pbc1006-o7000-brqrc?size=5,Bracelet,9300,Nudo Bracelet,,Nudo,18k Rose Gold,,,Rose Quartz,Chalcedony,Brown Diamond,
PAA1100_O6000_000QR,https://media.pomellato.com/media/catalog/product/P/A/PAA1100_O6000_000QR_10.jpg,https://www.pomellato.com/us_en/nudo-classic-ring-paa1100-o6000-000qr?size=18,Ring,2600,Nudo Classic Ring,,Nudo,18k Rose Gold,18k White Gold,,Rose Quartz,,,
POB4010_O6000_BRCQR,https://media.pomellato.com/media/catalog/product/P/O/POB4010_O6000_BRCQR_10.jpg,https://www.pomellato.com/us_en/nudo-classic-earrings-pob4010-o6000-brcqr?size=152,Earrings,5750,Nudo Classic Earrings,,Nudo,18k Rose Gold,18k White Gold,,Rose Quartz,Brown Diamond,,
POB4010_O6000_DB0OY,https://media.pomellato.com/media/catalog/product/P/O/POB4010_O6000_DB0OY_10.jpg,https://www.pomellato.com/us_en/nudo-classic-earrings-pob4010-o6000-db0oy?size=152,Earrings,6600,Nudo Classic Earrings,,Nudo,18k Rose Gold,18k White Gold,,Blue Topaz,,,
PCB9051_O6000_DB0OY,https://media.pomellato.com/media/catalog/product/P/C/PCB9051_O6000_DB0OY_10.jpg,https://www.pomellato.com/us_en/nudo-necklace-pcb9051-o6000-db0oy?size=20,Necklace,10100,Nudo Necklace,,Nudo,18k White Gold,18k Rose Gold,,Diamond,Blue Topaz,,
PBC1006_O7WHR_DB0TL,https://media.pomellato.com/media/catalog/product/P/B/PBC1006_O7WHR_DB0TL_10.jpg,https://www.pomellato.com/us_en/nudo-bracelet-pbc1006-o7whr-db0tl?size=6,Bracelet,11800,Nudo Bracelet,,Nudo,18k Rose Gold,,,Blue London Topaz,Diamond,,
PAA1100_O6000_000TL,https://media.pomellato.com/media/catalog/product/P/A/PAA1100_O6000_000TL_10.jpg,https://www.pomellato.com/us_en/nudo-classic-ring-paa1100-o6000-000tl?size=18,Ring,3550,Nudo Classic Ring,,Nudo,18k Rose Gold,18k White Gold,,Blue London Topaz,,,
POB4010_O6WHR_B0TTU,https://media.pomellato.com/media/catalog/product/P/O/POB4010_O6WHR_B0TTU_10.jpg,https://www.pomellato.com/us_en/nudo-classic-earrings-pob4010-o6whr-b0ttu?size=152,Earrings,8000,Nudo Classic Earrings,,Nudo,18k White Gold,18k Rose Gold,,Blue London Topaz,Turquoise,Diamond,
PAB9050_OT000_DBKOS,https://media.pomellato.com/media/catalog/product/P/A/PAB9050_OT000_DBKOS_10.jpg,https://www.pomellato.com/us_en/nudo-classic-ring-pab9050-ot000-dbkos?size=18,Ring,4200,Nudo Classic Ring,,Nudo,18k Rose Gold,,,Obsidian,Treated Black Diamond,,
PAB9012_O7000_000VA,https://media.pomellato.com/media/catalog/product/P/A/PAB9012_O7000_000VA_10.jpg,https://www.pomellato.com/us_en/iconica-large-ring-pab9012-o7000-000va?size=18,Ring,8550,Iconica Large Ring,,Iconica,18k Rose Gold,,,Red Tourmaline,Treated Orange Sapphire,Blue Sapphire,Spinel
PBC1001_O7000_000VA,https://media.pomellato.com/media/catalog/product/P/B/PBC1001_O7000_000VA_10.jpg,https://www.pomellato.com/us_en/iconica-bangle-pbc1001-o7000-000va?size=5,Bangle,17350,Iconica Bangle,,Iconica,18k Rose Gold,,,Red Tourmaline,Blue Sapphire,Spinel,Tanzanita
PAB9011_O7000_000VA,https://media.pomellato.com/media/catalog/product/P/A/PAB9011_O7000_000VA_10.jpg,https://www.pomellato.com/us_en/iconica-medium-ring-pab9011-o7000-000va?size=18,Ring,6050,Iconica Medium Ring,,Iconica,18k Rose Gold,,,Red Tourmaline,Treated Orange Sapphire,Blue Sapphire,Spinel
PCB7122_O7000_DB000,https://media.pomellato.com/media/catalog/product/P/C/PCB7122_O7000_DB000_10.jpg,https://www.pomellato.com/us_en/iconica-necklace-with-pendant-pcb7122-o7000-db000?size=156,Necklace,2800,Iconica Necklace With Pendant,,Iconica,18k Rose Gold,,,Diamond,,,
PBC1000_O7000_DB000,https://media.pomellato.com/media/catalog/product/P/B/PBC1000_O7000_DB000_10.jpg,https://www.pomellato.com/us_en/iconica-bangle-pbc1000-o7000-db000?size=5,Bangle,14000,Iconica Bangle,,Iconica,18k Rose Gold,,,Diamond,,,
PAC0090_O7WHR_DB000,https://media.pomellato.com/media/catalog/product/P/A/PAC0090_O7WHR_DB000_10.jpg,https://www.pomellato.com/us_en/fantina-ring-pac0090-o7whr-db000?size=18,Ring,7000,Fantina Ring,,Fantina,18k Rose Gold,,,Diamond,,,
PCC1021_O7000_DB000,https://media.pomellato.com/media/catalog/product/P/C/PCC1021_O7000_DB000_10.jpg,https://www.pomellato.com/us_en/fantina-necklace-pcc1021-o7000-db000?size=152,Necklace,11050,Fantina Necklace,,Fantina,18k Rose Gold,,,Diamond,,,
PAC1011_O7000_DB000,https://media.pomellato.com/media/catalog/product/P/A/PAC1011_O7000_DB000_10.jpg,https://www.pomellato.com/us_en/catene-ring-pac1011-o7000-db000?size=18,Ring,7000,Catene Ring,,Catene,18k Rose Gold,,,Diamond,,,
POC1021_O7000_DB000,https://media.pomellato.com/media/catalog/product/P/O/POC1021_O7000_DB000_10.jpg,https://www.pomellato.com/us_en/fantina-earrings-poc1021-o7000-db000?size=152,Earrings,7500,Fantina Earrings,,Fantina,18k Rose Gold,,,Diamond,,,
PAB4070_O7000_DBR00,https://media.pomellato.com/media/catalog/product/P/A/PAB4070_O7000_DBR00_10.jpg,https://www.pomellato.com/us_en/sabbia-ring-pab4070-o7000-dbr00?size=18,Ring,1750,Sabbia Ring,,Sabbia,18k Rose Gold,,,Brown Diamond,,,
PAC0010_07BWR_DBX00,https://media.pomellato.com/media/catalog/product/P/A/PAC0010_07BWR_DBX00_10.jpg,https://www.pomellato.com/us_en/sabbia-ring-pac0010-07bwr-dbx00?size=19,Ring,9000,Sabbia Ring,,Sabbia,18k Rose Gold,,,Diamond,Brown Diamond,Treated Black Diamond,
PBC0091_O7WHR_DB000,https://media.pomellato.com/media/catalog/product/P/B/PBC0091_O7WHR_DB000_10.jpg,https://www.pomellato.com/us_en/fantina-bracelet-pbc0091-o7whr-db000?size=6,Bracelet,18750,Fantina Bracelet,,Fantina,18k Rose Gold,,,Diamond,,,
PCB6010_O6000_000TL,https://media.pomellato.com/media/catalog/product/P/C/PCB6010_O6000_000TL_10.jpg,https://www.pomellato.com/us_en/nudo-petit-necklace-with-pendant-pcb6010-o6000-000tl?size=154,Necklace,3200,Nudo Petit Necklace with Pendant,,Nudo,18k Rose Gold,18k White Gold,,Blue London Topaz,,,
POB2010_O6000_000TL,https://media.pomellato.com/media/catalog/product/P/O/POB2010_O6000_000TL_10.jpg,https://www.pomellato.com/us_en/nudo-petit-earrings-pob2010-o6000-000tl?size=152,Earrings,5250,Nudo Petit Earrings,,Nudo,18k Rose Gold,18k White Gold,,Blue London Topaz,,,
PAA1100_O6000_000OY,https://media.pomellato.com/media/catalog/product/P/A/PAA1100_O6000_000OY_10.jpg,https://www.pomellato.com/us_en/nudo-classic-ring-paa1100-o6000-000oy?size=18,Ring,2800,Nudo Classic Ring,,Nudo,18k Rose Gold,18k White Gold,,Blue Topaz,,,
PAB4030_O6000_000TB,https://media.pomellato.com/media/catalog/product/P/A/PAB4030_O6000_000TB_10.jpg,https://www.pomellato.com/us_en/nudo-petit-ring-pab4030-o6000-000tb?size=18,Ring,2000,Nudo Petit Ring,,Nudo,18k Rose Gold,18k White Gold,,White Topaz,,,
PCB6010_O6000_000TB,https://media.pomellato.com/media/catalog/product/P/C/PCB6010_O6000_000TB_10.jpg,https://www.pomellato.com/us_en/nudo-petit-necklace-with-pendant-pcb6010-o6000-000tb?size=154,Necklace,2450,Nudo Petit Necklace with Pendant,,Nudo,18k Rose Gold,18k White Gold,,White Topaz,,,
PAA1100_O6000_000QL,https://media.pomellato.com/media/catalog/product/P/A/PAA1100_O6000_000QL_10.jpg,https://www.pomellato.com/us_en/nudo-classic-ring-paa1100-o6000-000ql?size=18,Ring,2600,Nudo Classic Ring,,Nudo,18k Rose Gold,18k White Gold,,Lemon Quartz,,,
PAB7040_O6WHR_DB0PA,https://media.pomellato.com/media/catalog/product/P/A/PAB7040_O6WHR_DB0PA_10.jpg,https://www.pomellato.com/us_en/nudo-petit-ring-pab7040-o6whr-db0pa?size=18,Ring,4300,Nudo Petit Ring,,Nudo,18k Rose Gold,18k White Gold,,Prasiolite,Diamond,,
POB2010_O6000_000PA,https://media.pomellato.com/media/catalog/product/P/O/POB2010_O6000_000PA_10.jpg,https://www.pomellato.com/us_en/nudo-petit-earrings-pob2010-o6000-000pa?size=152,Earrings,4250,Nudo Petit Earrings,,Nudo,18k Rose Gold,18k White Gold,,Prasiolite,,,
PCB6010_O6000_000PA,https://media.pomellato.com/media/catalog/product/P/C/PCB6010_O6000_000PA_10.jpg,https://www.pomellato.com/us_en/nudo-petit-necklace-with-pendant-pcb6010-o6000-000pa?size=154,Necklace,2650,Nudo Petit Necklace with Pendant,,Nudo,18k Rose Gold,18k White Gold,,Prasiolite,,,
PAC0040_O7000_BRCQR,https://media.pomellato.com/media/catalog/product/P/A/PAC0040_O7000_BRCQR_10.jpg,https://www.pomellato.com/us_en/nudo-classic-ring-pac0040-o7000-brcqr?size=18,Ring,4400,Nudo Classic Ring,,Nudo,18k White Gold,18k Rose Gold,,Rose Quartz,Brown Diamond,,
PAB7040_O6000_BRCQR,https://media.pomellato.com/media/catalog/product/P/A/PAB7040_O6000_BRCQR_10.jpg,https://www.pomellato.com/us_en/nudo-petit-ring-pab7040-o6000-brcqr?size=18,Ring,3450,Nudo Petit Ring,,Nudo,18k White Gold,18k Rose Gold,,Rose Quartz,Brown Diamond,,
POB4010_O6WHR_B0YAV,https://media.pomellato.com/media/catalog/product/P/O/POB4010_O6WHR_B0YAV_10.jpg,https://www.pomellato.com/us_en/nudo-classic-earrings-pob4010-o6whr-b0yav?size=152,Earrings,6950,Nudo Classic Earrings,,Nudo,18k White Gold,18k Rose Gold,,Blue Topaz,Agate,Diamond,
PAB7040_O6WHR_B0TTU,https://media.pomellato.com/media/catalog/product/P/A/PAB7040_O6WHR_B0TTU_10.jpg,https://www.pomellato.com/us_en/nudo-petit-ring-pab7040-o6whr-b0ttu?size=18,Ring,4750,Nudo Petit Ring,,Nudo,18k White Gold,18k Rose Gold,,Blue London Topaz,Turquoise,Diamond,
POB2010_O6000_000OY,https://media.pomellato.com/media/catalog/product/P/O/POB2010_O6000_000OY_10.jpg,https://www.pomellato.com/us_en/nudo-petit-earrings-pob2010-o6000-000oy?size=152,Earrings,4250,Nudo Petit Earrings,,Nudo,18k Rose Gold,18k White Gold,,Blue Topaz,,,
PAC0040_O6WHR_DB0PA,https://media.pomellato.com/media/catalog/product/P/A/PAC0040_O6WHR_DB0PA_10.jpg,https://www.pomellato.com/us_en/nudo-classic-ring-pac0040-o6whr-db0pa?size=19,Ring,5650,Nudo Classic Ring,,Nudo,18k Rose Gold,18k White Gold,,Prasiolite,Diamond,,
PBC0101_O7WHR_DB000,https://media.pomellato.com/media/catalog/product/P/B/PBC0101_O7WHR_DB000_10.jpg,https://www.pomellato.com/us_en/iconica-bangle-pbc0101-o7whr-db000?size=5,Bangle,24700,Iconica Bangle,,Iconica,18k Rose Gold,,,Diamond,,,
PBB7012_O7000_DB000,https://media.pomellato.com/media/catalog/product/P/B/PBB7012_O7000_DB000_10.jpg,https://www.pomellato.com/us_en/sabbia-bracelet-pbb7012-o7000-db000?size=5,Bracelet,3550,Sabbia Bracelet,,Sabbia,18k Rose Gold,,,Diamond,,,
PCB2142_O7000_00000,https://media.pomellato.com/media/catalog/product/P/C/PCB2142_O7000_00000_10.jpg,https://www.pomellato.com/us_en/gold-necklace-pcb2142-o7000-00000?size=152,Necklace,4700,Gold Necklace,,,18k Rose Gold,,,,,,
PBC0100_O7000_00000,https://media.pomellato.com/media/catalog/product/P/B/PBC0100_O7000_00000_10.jpg,https://www.pomellato.com/us_en/iconica-bangle-pbc0100-o7000-00000?size=5,Bangle,7600,Iconica Bangle,,Iconica,18k Rose Gold,,,,,,
POB7122_O7WHR_DB000,https://media.pomellato.com/media/catalog/product/P/O/POB7122_O7WHR_DB000_10.jpg,https://www.pomellato.com/us_en/iconica-earrings-pob7122-o7whr-db000?size=152,Earrings,16250,Iconica Earrings,,Iconica,18k Rose Gold,,,Diamond,,,
PAB4010_O6000_BRCQR,https://media.pomellato.com/media/catalog/product/P/A/PAB4010_O6000_BRCQR_10.jpg,https://www.pomellato.com/us_en/nudo-maxi-ring-pab4010-o6000-brcqr?size=18,Ring,5100,Nudo Maxi Ring,,Nudo,18k Rose Gold,18k White Gold,,Rose Quartz,Brown Diamond,,
PAC0040_O6WHR_B0YAV,https://media.pomellato.com/media/catalog/product/P/A/PAC0040_O6WHR_B0YAV_10.jpg,https://www.pomellato.com/us_en/nudo-classic-ring-pac0040-o6whr-b0yav?size=18,Ring,5850,Nudo Classic Ring,,Nudo,18k White Gold,18k Rose Gold,,Blue Topaz,Agate,Diamond,
POB4010_O6000_DB0TL,https://media.pomellato.com/media/catalog/product/P/O/POB4010_O6000_DB0TL_10.jpg,https://www.pomellato.com/us_en/nudo-classic-earrings-pob4010-o6000-db0tl?size=152,Earrings,7600,Nudo Classic Earrings,,Nudo,18k Rose Gold,18k White Gold,,Blue London Topaz,,,
POA1070_O6000_000OY,https://media.pomellato.com/media/catalog/product/P/O/POA1070_O6000_000OY_10.jpg,https://www.pomellato.com/us_en/nudo-classic-earrings-poa1070-o6000-000oy?size=152,Earrings,5350,Nudo Classic Earrings,,Nudo,18k Rose Gold,18k White Gold,,Blue Topaz,,,
POA1070_O6000_000TL,https://media.pomellato.com/media/catalog/product/P/O/POA1070_O6000_000TL_10.jpg,https://www.pomellato.com/us_en/nudo-classic-earrings-poa1070-o6000-000tl?size=152,Earrings,6150,Nudo Classic Earrings,,Nudo,18k Rose Gold,18k White Gold,,Blue London Topaz,,,
PAB4030_O6000_000TL,https://media.pomellato.com/media/catalog/product/P/A/PAB4030_O6000_000TL_10.jpg,https://www.pomellato.com/us_en/nudo-petit-ring-pab4030-o6000-000tl?size=18,Ring,2500,Nudo Petit Ring,,Nudo,18k Rose Gold,18k White Gold,,Blue Topaz,,,
PAB4030_O6000_000OY,https://media.pomellato.com/media/catalog/product/P/A/PAB4030_O6000_000OY_10.jpg,https://www.pomellato.com/us_en/nudo-petit-ring-pab4030-o6000-000oy?size=18,Ring,2200,Nudo Petit Ring,,Nudo,18k Rose Gold,18k White Gold,,Blue Topaz,,,
PAA1100_O6000_000PA,https://media.pomellato.com/media/catalog/product/P/A/PAA1100_O6000_000PA_10.jpg,https://www.pomellato.com/us_en/nudo-classic-ring-paa1100-o6000-000pa?size=18,Ring,2800,Nudo Classic Ring,,Nudo,18k Rose Gold,18k White Gold,,Prasiolite,,,
PAB4030_O6000_000PA,https://media.pomellato.com/media/catalog/product/P/A/PAB4030_O6000_000PA_10.jpg,https://www.pomellato.com/us_en/nudo-petit-ring-pab4030-o6000-000pa?size=18,Ring,2200,Nudo Petit Ring,,Nudo,18k Rose Gold,18k White Gold,,Prasiolite,,,
PAB4030_O6000_000QL,https://media.pomellato.com/media/catalog/product/P/A/PAB4030_O6000_000QL_10.jpg,https://www.pomellato.com/us_en/nudo-petit-ring-pab4030-o6000-000ql?size=18,Ring,2000,Nudo Petit Ring,,Nudo,18k Rose Gold,18k White Gold,,Lemon Quartz,,,
PAA1100_O6000_000OI,https://media.pomellato.com/media/catalog/product/P/A/PAA1100_O6000_000OI_10.jpg,https://www.pomellato.com/us_en/nudo-classic-ring-paa1100-o6000-000oi?size=18,Ring,2600,Nudo Classic Ring,,Nudo,18k Rose Gold,18k White Gold,,Amethyst,,,
PAB4030_O6000_000OI,https://media.pomellato.com/media/catalog/product/P/A/PAB4030_O6000_000OI_10.jpg,https://www.pomellato.com/us_en/nudo-petit-ring-pab4030-o6000-000oi?size=18,Ring,2000,Nudo Petit Ring,,Nudo,18k Rose Gold,18k White Gold,,Amethyst,,,
POB5010_O6000_DB000,https://media.pomellato.com/media/catalog/product/P/O/POB5010_O6000_DB000_10.jpg,https://www.pomellato.com/us_en/nudo-petit-earrings-pob5010-o6000-db000?size=152,Earrings,10300,Nudo Petit Earrings,,Nudo,18k White Gold,,,Diamond,,,
PAB5010_O6000_DB000,https://media.pomellato.com/media/catalog/product/P/A/PAB5010_O6000_DB000_10.jpg,https://www.pomellato.com/us_en/nudo-petit-ring-pab5010-o6000-db000?size=18,Ring,5700,Nudo Petit Ring,,Nudo,18k Rose Gold,18k White Gold,,Diamond,,,
PCB6012_O6000_DB000,https://media.pomellato.com/media/catalog/product/P/C/PCB6012_O6000_DB000_10.jpg,https://www.pomellato.com/us_en/nudo-petit-necklace-with-pendant-pcb6012-o6000-db000?size=154,Necklace,5950,Nudo Petit Necklace with Pendant,,Nudo,18k Rose Gold,18k White Gold,,Diamond,,,
PBB7127_O7000_00000,https://media.pomellato.com/media/catalog/product/P/B/PBB7127_O7000_00000_10.jpg,https://www.pomellato.com/us_en/iconica-slim-bracelet-pbb7127-o7000-00000?size=5,Bracelet,10500,Iconica Slim Bracelet,,Iconica,18k Rose Gold,,,,,,
PMB9022_O7000_DB000,https://media.pomellato.com/media/catalog/product/P/M/PMB9022_O7000_DB000_10.jpg,https://www.pomellato.com/us_en/orsetto-pendant-pmb9022-o7000-db000?size=152,Pendant,3150,Orsetto Pendant,,Orsetto,18k Rose Gold,,,Diamond,,,
PMB902A_O7000_00000,https://media.pomellato.com/media/catalog/product/P/M/PMB902A_O7000_00000_10.jpg,https://www.pomellato.com/us_en/orsetto-pendant-pmb902a-o7000-00000?size=152,Pendant,1600,Orsetto Pendant,,Orsetto,18k Rose Gold,,,,,,
PCB2140_O7000_00000,https://media.pomellato.com/media/catalog/product/P/C/PCB2140_O7000_00000_10.jpg,https://www.pomellato.com/us_en/gold-necklace-pcb2140-o7000-00000?size=41,Necklace,3050,Gold Necklace,,,18k Rose Gold,,,,,,
PCB8030_O7000_00000,https://media.pomellato.com/media/catalog/product/P/C/PCB8030_O7000_00000_10.jpg,https://www.pomellato.com/us_en/gold-necklace-pcb8030-o7000-00000?size=152,Necklace,17800,Gold Necklace,,,18k Rose Gold,,,,,,
,,https://www.pomellato.com/us_en/gold-necklace-pca7010-o7000-00000?size=152,Necklace,10250,Gold Necklace,,,18k Rose Gold,,,,,,
PAB9032_O7000_DB000,https://media.pomellato.com/media/catalog/product/P/A/PAB9032_O7000_DB000_10.jpg,https://www.pomellato.com/us_en/sabbia-ring-pab9032-o7000-db000?size=22,Ring,2450,Sabbia Ring,,Sabbia,18k Rose Gold,,,Diamond,,,
PAB9032_O7000_DBR00,https://media.pomellato.com/media/catalog/product/P/A/PAB9032_O7000_DBR00_10.jpg,https://www.pomellato.com/us_en/sabbia-ring-pab9032-o7000-dbr00?size=27,Ring,1750,Sabbia Ring,,Sabbia,18k Rose Gold,,,Brown Diamond,,,
PAB2040_O7000_DB000,https://media.pomellato.com/media/catalog/product/P/A/PAB2040_O7000_DB000_10.jpg,https://www.pomellato.com/us_en/sabbia-ring-pab2040-o7000-db000?size=19,Ring,6000,Sabbia Ring,,Sabbia,18k Rose Gold,,,Diamond,,,
PBB7011_O7000_DBR00,https://media.pomellato.com/media/catalog/product/P/B/PBB7011_O7000_DBR00_10.jpg,https://www.pomellato.com/us_en/sabbia-bracelet-pbb7011-o7000-dbr00?size=5,Bracelet,3450,Sabbia Bracelet,,Sabbia,18k Rose Gold,,,Brown Diamond,,,
POB2041_O7000_DBR00,https://media.pomellato.com/media/catalog/product/P/O/POB2041_O7000_DBR00_10.jpg,https://www.pomellato.com/us_en/sabbia-earrings-pob2041-o7000-dbr00?size=152,Earrings,4800,Sabbia Earrings,,Sabbia,18k Rose Gold,,,Brown Diamond,,,
PAB4011_OT000_DBKOS,https://media.pomellato.com/media/catalog/product/P/A/PAB4011_OT000_DBKOS_10.jpg,https://www.pomellato.com/us_en/nudo-maxi-ring-pab4011-ot000-dbkos?size=18,Ring,5050,Nudo Maxi Ring,,Nudo,18k Rose Gold,,,Obsidian,Treated Black Diamond,,
PAB4010_O6000_DB0OY,https://media.pomellato.com/media/catalog/product/P/A/PAB4010_O6000_DB0OY_10.jpg,https://www.pomellato.com/us_en/nudo-maxi-ring-pab4010-o6000-db0oy?size=18,Ring,6550,Nudo Maxi Ring,,Nudo,18k Rose Gold,18k White Gold,,Blue Topaz,,,
PAB4010_O6000_DB0TL,https://media.pomellato.com/media/catalog/product/P/A/PAB4010_O6000_DB0TL_10.jpg,https://www.pomellato.com/us_en/nudo-maxi-ring-pab4010-o6000-db0tl?size=19,Ring,7350,Nudo Maxi Ring,,Nudo,18k Rose Gold,18k White Gold,,Blue London Topaz,,,
PAB2010_O6000_000OY,https://media.pomellato.com/media/catalog/product/P/A/PAB2010_O6000_000OY_10.jpg,https://www.pomellato.com/us_en/nudo-maxi-ring-pab2010-o6000-000oy?size=19,Ring,3600,Nudo Maxi Ring,,Nudo,18k Rose Gold,18k White Gold,,Blue Topaz,,,
PAB2010_O6000_000TL,https://media.pomellato.com/media/catalog/product/P/A/PAB2010_O6000_000TL_10.jpg,https://www.pomellato.com/us_en/nudo-maxi-ring-pab2010-o6000-000tl?size=19,Ring,4350,Nudo Maxi Ring,,Nudo,18k Rose Gold,18k White Gold,,Blue London Topaz,,,
PAB2010_O6000_000PA,https://media.pomellato.com/media/catalog/product/P/A/PAB2010_O6000_000PA_10.jpg,https://www.pomellato.com/us_en/nudo-maxi-ring-pab2010-o6000-000pa?size=18,Ring,3600,Nudo Maxi Ring,,Nudo,18k Rose Gold,18k White Gold,,Prasiolite,,,
PCB6010_O6000_000OY,https://media.pomellato.com/media/catalog/product/P/C/PCB6010_O6000_000OY_10.jpg,https://www.pomellato.com/us_en/nudo-petit-necklace-with-pendant-pcb6010-o6000-000oy?size=154,Necklace,2650,Nudo Petit Necklace with Pendant,,Nudo,18k Rose Gold,18k White Gold,,Blue Topaz,,,
POB2010_O6000_000OI,https://media.pomellato.com/media/catalog/product/P/O/POB2010_O6000_000OI_10.jpg,https://www.pomellato.com/us_en/nudo-petit-earrings-pob2010-o6000-000oi?size=152,Earrings,3800,Nudo Petit Earrings,,Nudo,18k Rose Gold,18k White Gold,,Amethyst,,,
POB2010_O6000_000TB,https://media.pomellato.com/media/catalog/product/P/O/POB2010_O6000_000TB_10.jpg,https://www.pomellato.com/us_en/nudo-petit-earrings-pob2010-o6000-000tb?size=152,Earrings,3800,Nudo Petit Earrings,,Nudo,18k Rose Gold,18k White Gold,,White Topaz,,,
PCB7120_O7000_DB000,https://media.pomellato.com/media/catalog/product/P/C/PCB7120_O7000_DB000_10.jpg,https://www.pomellato.com/us_en/iconica-necklace-with-pendant-pcb7120-o7000-db000?size=156,Necklace,3650,Iconica Necklace With Pendant,,Iconica,18k Rose Gold,,,Diamond,,,
POB2042_O7000_DBR00,https://media.pomellato.com/media/catalog/product/P/O/POB2042_O7000_DBR00_10.jpg,https://www.pomellato.com/us_en/sabbia-earrings-pob2042-o7000-dbr00?size=152,Earrings,3200,Sabbia Earrings,,Sabbia,18k Rose Gold,,,Brown Diamond,,,
PAC0010_O7WHR_DB000,https://media.pomellato.com/media/catalog/product/P/A/PAC0010_O7WHR_DB000_10.jpg,https://www.pomellato.com/us_en/sabbia-ring-pac0010-o7whr-db000?size=19,Ring,12100,Sabbia Ring,,Sabbia,18k Rose Gold,,,Diamond,,,
PBB7124_O7000_00000,https://media.pomellato.com/media/catalog/product/P/B/PBB7124_O7000_00000_10.jpg,https://www.pomellato.com/us_en/iconica-large-bracelet-pbb7124-o7000-00000?size=6,Bracelet,24000,Iconica Large Bracelet,,Iconica,18k Rose Gold,,,,,,
PCB9050_O6000_BOYTL,https://media.pomellato.com/media/catalog/product/P/C/PCB9050_O6000_BOYTL_10.jpg,https://www.pomellato.com/us_en/nudo-necklace-pcb9050-o6000-boytl?size=160,Necklace,32200,Nudo Necklace,,Nudo,18k White Gold,18k Rose Gold,,Diamond,Blue London Topaz,Blue Topaz,
PCB9052_O6000_000TB,https://media.pomellato.com/media/catalog/product/P/C/PCB9052_O6000_000TB_10.jpg,https://www.pomellato.com/us_en/nudo-necklace-pcb9052-o6000-000tb?size=160,Necklace,17700,Nudo Necklace,,Nudo,18k White Gold,18k Rose Gold,,Mother-Of-Pearl,White Topaz,,
PCB9052_O6000_000OY,https://media.pomellato.com/media/catalog/product/P/C/PCB9052_O6000_000OY_10.jpg,https://www.pomellato.com/us_en/nudo-necklace-pcb9052-o6000-000oy?size=160,Necklace,18150,Nudo Necklace,,Nudo,18k White Gold,18k Rose Gold,,Blue Topaz,,,
PAB4010_O6000_DB0PA,https://media.pomellato.com/media/catalog/product/P/A/PAB4010_O6000_DB0PA_10.jpg,https://www.pomellato.com/us_en/nudo-maxi-ring-pab4010-o6000-db0pa?size=18,Ring,6550,Nudo Maxi Ring,,Nudo,18k Rose Gold,18k White Gold,,Prasiolite,Diamond,,
POB4010_O6000_DB0PA,https://media.pomellato.com/media/catalog/product/P/O/POB4010_O6000_DB0PA_10.jpg,https://www.pomellato.com/us_en/nudo-classic-earrings-pob4010-o6000-db0pa?size=152,Earrings,6600,Nudo Classic Earrings,,Nudo,18k Rose Gold,18k White Gold,,Prasiolite,,,
PAA1100_O6000_000QF,https://media.pomellato.com/media/catalog/product/P/A/PAA1100_O6000_000QF_10.jpg,https://www.pomellato.com/us_en/nudo-classic-ring-paa1100-o6000-000qf?size=18,Ring,2600,Nudo Classic Ring,,Nudo,18k Rose Gold,18k White Gold,,Smoky Quartz,,,
PAA1100_O6000_000OG,https://media.pomellato.com/media/catalog/product/P/A/PAA1100_O6000_000OG_10.jpg,https://www.pomellato.com/us_en/nudo-classic-ring-paa1100-o6000-000og?size=19,Ring,2600,Nudo Classic Ring,,Nudo,18k Rose Gold,18k White Gold,,Garnet,,,
PAB7040_OT000_DBKOS,https://media.pomellato.com/media/catalog/product/P/A/PAB7040_OT000_DBKOS_10.jpg,https://www.pomellato.com/us_en/nudo-petit-ring-pab7040-ot000-dbkos?size=20,Ring,3000,Nudo Petit Ring,,Nudo,18k Rose Gold,,,Obsidian,Treated Black Diamond,,
PAB7041_O6000_DB000,https://media.pomellato.com/media/catalog/product/P/A/PAB7041_O6000_DB000_10.jpg,https://www.pomellato.com/us_en/nudo-maxi-ring-pab7041-o6000-db000?size=18,Ring,13800,Nudo Maxi Ring,,Nudo,18k White Gold,18k Rose Gold,,Diamond,,,
PCC4042_O7WHR_DB000,https://media.pomellato.com/media/catalog/product/P/C/PCC4042_O7WHR_DB000_10.jpg,https://www.pomellato.com/us_en/iconica-necklace-with-pendant-pcc4042-o7whr-db000?size=156,Necklace,8850,Iconica Necklace with pendant,,Iconica,18k Rose Gold,,,Diamond,,,
PCC4070_O6WHR_DB0BR,https://media.pomellato.com/media/catalog/product/P/C/PCC4070_O6WHR_DB0BR_10.jpg,https://www.pomellato.com/us_en/sabbia-necklace-with-pendant-pcc4070-o6whr-db0br?size=154,Necklace,4300,Sabbia Necklace with pendant,,Sabbia,18k Rose Gold,,,Diamond,Brown Diamond,,
PCC5020_O6WHR_DB0YY,https://media.pomellato.com/media/catalog/product/P/C/PCC5020_O6WHR_DB0YY_10.jpg,https://www.pomellato.com/us_en/nudo-mini-necklace-with-pendant-pcc5020-o6whr-db0yy?size=154,Necklace,2450,Nudo Mini Necklace With Pendant,,Nudo,18k Rose Gold,,,Blue Topaz,Diamond,,
PCC5020_O6WHR_DBQLT,https://media.pomellato.com/media/catalog/product/P/C/PCC5020_O6WHR_DBQLT_10.jpg,https://www.pomellato.com/us_en/nudo-mini-necklace-with-pendant-pcc5020-o6whr-dbqlt?size=154,Necklace,2250,Nudo Mini Necklace With Pendant,,Nudo,18k Rose Gold,,,Diamond,Milky Quartz,,
POC5020_O7000_000TL,https://media.pomellato.com/media/catalog/product/P/O/POC5020_O7000_000TL_10.jpg,https://www.pomellato.com/us_en/nudo-mini-earrings-poc5020-o7000-000tl?size=152,Earrings,3900,Nudo Mini Earrings,,Nudo,18k Rose Gold,,,Blue London Topaz,,,
POC5020_O7000_000YY,https://media.pomellato.com/media/catalog/product/P/O/POC5020_O7000_000YY_10.jpg,https://www.pomellato.com/us_en/nudo-mini-earrings-poc5020-o7000-000yy?size=152,Earrings,3400,Nudo Mini Earrings,,Nudo,18k Rose Gold,,,Blue Topaz,,,
POC5020_O7000_00QLT,https://media.pomellato.com/media/catalog/product/P/O/POC5020_O7000_00QLT_10_1.jpg,https://www.pomellato.com/us_en/nudo-mini-earrings-poc5020-o7000-00qlt?size=152,Earrings,3200,Nudo Mini Earrings,,Nudo,18k Rose Gold,,,Milky Quartz,,,
PBC5020_O6WHR_DB0TL,https://media.pomellato.com/media/catalog/product/P/B/PBC5020_O6WHR_DB0TL_10.jpg,https://www.pomellato.com/us_en/nudo-mini-bangle-pbc5020-o6whr-db0tl?size=4,Bangle,5800,Nudo Mini Bangle,,Nudo,18k Rose Gold,,,Blue London Topaz,Diamond,,
PBC5020_O6WHR_DB0YY,https://media.pomellato.com/media/catalog/product/P/B/PBC5020_O6WHR_DB0YY_10.jpg,https://www.pomellato.com/us_en/nudo-mini-bangle-pbc5020-o6whr-db0yy?size=4,Bangle,5350,Nudo Mini Bangle,,Nudo,18k Rose Gold,,,Blue Topaz,Diamond,,
PBC5020_O6WHR_DBQLT,https://media.pomellato.com/media/catalog/product/P/B/PBC5020_O6WHR_DBQLT_10.jpg,https://www.pomellato.com/us_en/nudo-mini-bangle-pbc5020-o6whr-dbqlt?size=4,Bangle,5150,Nudo Mini Bangle,,Nudo,18k Rose Gold,,,Milky Quartz,Diamond,,
PCC5041_O7000_000VA,https://media.pomellato.com/media/catalog/product/P/C/PCC5041_O7000_000VA_10.jpg,https://www.pomellato.com/us_en/iconica-reversible-necklace-with-pendant-pcc5041-o7000-000va?size=156,Necklace,6300,Iconica Reversible Necklace With Pendant,,Iconica,18k Rose Gold,,,,,,
PAC5007_O7000_000VA,https://media.pomellato.com/media/catalog/product/P/A/PAC5007_O7000_000VA_10.jpg,https://www.pomellato.com/us_en/iconica-ring-pac5007-o7000-000va?size=18,Ring,7400,Iconica Ring,,Iconica,18k Rose Gold,,,,,,
